Death Note;maps/myanimelist_most_popular_200/9453.jpg
Shingeki no Kyojin;maps/myanimelist_most_popular_200/47347.jpg
Sword Art Online;maps/myanimelist_most_popular_200/39717.jpg
Fullmetal Alchemist: Brotherhood;maps/myanimelist_most_popular_200/96541.jpg
One Punch Man;maps/myanimelist_most_popular_200/76049.jpg
"Steins;Gate";maps/myanimelist_most_popular_200/73199.jpg
No Game No Life;maps/myanimelist_most_popular_200/65187.jpg
Angel Beats!;maps/myanimelist_most_popular_200/22061.jpg
Naruto;maps/myanimelist_most_popular_200/17405.jpg
Code Geass: Hangyaku no Lelouch;maps/myanimelist_most_popular_200/50331.jpg
Mirai Nikki;maps/myanimelist_most_popular_200/33465.jpg
Toradora!;maps/myanimelist_most_popular_200/22128.jpg
Boku no Hero Academia;maps/myanimelist_most_popular_200/78745.jpg
Noragami;maps/myanimelist_most_popular_200/77809.jpg
Ao no Exorcist;maps/myanimelist_most_popular_200/75195.jpg
Sword Art Online II;maps/myanimelist_most_popular_200/65185.jpg
Kimi no Na wa.;maps/myanimelist_most_popular_200/87048.jpg
Bleach;maps/myanimelist_most_popular_200/40451.jpg
Akame ga Kill!;maps/myanimelist_most_popular_200/95946.jpg
Tengen Toppa Gurren Lagann;maps/myanimelist_most_popular_200/5123.jpg
Hunter x Hunter (2011);maps/myanimelist_most_popular_200/33657.jpg
Soul Eater;maps/myanimelist_most_popular_200/7804.jpg
Kill la Kill;maps/myanimelist_most_popular_200/75514.jpg
Re:Zero kara Hajimeru Isekai Seikatsu;maps/myanimelist_most_popular_200/79410.jpg
Fullmetal Alchemist;maps/myanimelist_most_popular_200/75815.jpg
Another;maps/myanimelist_most_popular_200/75509.jpg
Shigatsu wa Kimi no Uso;maps/myanimelist_most_popular_200/67177.jpg
Psycho-Pass;maps/myanimelist_most_popular_200/43399.jpg
One Piece;maps/myanimelist_most_popular_200/73245.jpg
Cowboy Bebop;maps/myanimelist_most_popular_200/19644.jpg
Durarara!!;maps/myanimelist_most_popular_200/71772.jpg
Highschool of the Dead;maps/myanimelist_most_popular_200/78311.jpg
Clannad;maps/myanimelist_most_popular_200/95033.jpg
Sen to Chihiro no Kamikakushi;maps/myanimelist_most_popular_200/79597.jpg
Kiseijuu: Sei no Kakuritsu;maps/myanimelist_most_popular_200/73178.jpg
Death Parade;maps/myanimelist_most_popular_200/71553.jpg
Fate/Zero;maps/myanimelist_most_popular_200/73249.jpg
Ano Hi Mita Hana no Namae wo Bokutachi wa Mada Shiranai.;maps/myanimelist_most_popular_200/79697.jpg
Bakemonogatari;maps/myanimelist_most_popular_200/75274.jpg
Neon Genesis Evangelion;maps/myanimelist_most_popular_200/21418.jpg
Kono Subarashii Sekai ni Shukufuku wo!;maps/myanimelist_most_popular_200/77831.jpg
Shokugeki no Souma;maps/myanimelist_most_popular_200/72943.jpg
Hataraku Maou-sama!;maps/myanimelist_most_popular_200/50177.jpg
Guilty Crown;maps/myanimelist_most_popular_200/33713.jpg
Mahou Shoujo Madoka★Magica;maps/myanimelist_most_popular_200/55225.jpg
Deadman Wonderland;maps/myanimelist_most_popular_200/75299.jpg
Koe no Katachi;maps/myanimelist_most_popular_200/96435.jpg
Dungeon ni Deai wo Motomeru no wa Machigatteiru Darou ka;maps/myanimelist_most_popular_200/70187.jpg
Mob Psycho 100;maps/myanimelist_most_popular_200/80356.jpg
Noragami Aragoto;maps/myanimelist_most_popular_200/94850.jpg
Chuunibyou demo Koi ga Shitai!;maps/myanimelist_most_popular_200/46931.jpg
Charlotte;maps/myanimelist_most_popular_200/74683.jpg
Sakurasou no Pet na Kanojo;maps/myanimelist_most_popular_200/43643.jpg
Overlord;maps/myanimelist_most_popular_200/88019.jpg
Log Horizon;maps/myanimelist_most_popular_200/84004.jpg
Kuroshitsuji;maps/myanimelist_most_popular_200/27013.jpg
Samurai Champloo;maps/myanimelist_most_popular_200/29134.jpg
Darker than Black: Kuro no Keiyakusha;maps/myanimelist_most_popular_200/19570.jpg
Hyouka;maps/myanimelist_most_popular_200/50521.jpg
Yahari Ore no Seishun Love Comedy wa Machigatteiru.;maps/myanimelist_most_popular_200/49459.jpg
Kaichou wa Maid-sama!;maps/myanimelist_most_popular_200/25254.jpg
Suzumiya Haruhi no Yuuutsu;maps/myanimelist_most_popular_200/75901.jpg
Kyoukai no Kanata;maps/myanimelist_most_popular_200/85468.jpg
Mononoke Hime;maps/myanimelist_most_popular_200/75919.jpg
Haikyuu!!;maps/myanimelist_most_popular_200/76014.jpg
Owari no Seraph;maps/myanimelist_most_popular_200/73474.jpg
K-On!;maps/myanimelist_most_popular_200/76120.jpg
Fate/stay night;maps/myanimelist_most_popular_200/30327.jpg
Howl no Ugoku Shiro;maps/myanimelist_most_popular_200/75810.jpg
Kuroko no Basket;maps/myanimelist_most_popular_200/50453.jpg
Magi: The Labyrinth of Magic;maps/myanimelist_most_popular_200/42773.jpg
Baccano!;maps/myanimelist_most_popular_200/14547.jpg
Gintama;maps/myanimelist_most_popular_200/73274.jpg
Violet Evergarden;maps/myanimelist_most_popular_200/95088.jpg
Zero no Tsukaima;maps/myanimelist_most_popular_200/20680.jpg
Byousoku 5 Centimeter;maps/myanimelist_most_popular_200/79674.jpg
Dragon Ball;maps/myanimelist_most_popular_200/92364.jpg
Mahouka Koukou no Rettousei;maps/myanimelist_most_popular_200/61039.jpg
Black Lagoon;maps/myanimelist_most_popular_200/25596.jpg
Ookami to Koushinryou;maps/myanimelist_most_popular_200/59401.jpg
Higurashi no Naku Koro ni;maps/myanimelist_most_popular_200/19634.jpg
Boku wa Tomodachi ga Sukunai;maps/myanimelist_most_popular_200/32873.jpg
Hellsing Ultimate;maps/myanimelist_most_popular_200/7333.jpg
Accel World;maps/myanimelist_most_popular_200/38155.jpg
Made in Abyss;maps/myanimelist_most_popular_200/86733.jpg
Danganronpa: Kibou no Gakuen to Zetsubou no Koukousei The Animation;maps/myanimelist_most_popular_200/51463.jpg
Fairy Tail (2014);maps/myanimelist_most_popular_200/60551.jpg
Darling in the FranXX;maps/myanimelist_most_popular_200/90408.jpg
Gekkan Shoujo Nozaki-kun;maps/myanimelist_most_popular_200/66083.jpg
Toaru Majutsu no Index;maps/myanimelist_most_popular_200/75533.jpg
Tonari no Totoro;maps/myanimelist_most_popular_200/75923.jpg
Shinsekai yori;maps/myanimelist_most_popular_200/36775.jpg
Kimi ni Todoke;maps/myanimelist_most_popular_200/17890.jpg
Toki wo Kakeru Shoujo;maps/myanimelist_most_popular_200/2432.jpg
D.Gray-man;maps/myanimelist_most_popular_200/75194.jpg
FLCL;maps/myanimelist_most_popular_200/77356.jpg
Mushishi;maps/myanimelist_most_popular_200/73862.jpg
Ore no Imouto ga Konnani Kawaii Wake ga Nai;maps/myanimelist_most_popular_200/24875.jpg
Kokoro Connect;maps/myanimelist_most_popular_200/39665.jpg
JoJo no Kimyou na Bouken (TV);maps/myanimelist_most_popular_200/40409.jpg
Kobayashi-san Chi no Maid Dragon;maps/myanimelist_most_popular_200/85434.jpg
Claymore;maps/myanimelist_most_popular_200/21834.jpg
Nichijou;maps/myanimelist_most_popular_200/75617.jpg
Kekkai Sensen;maps/myanimelist_most_popular_200/73559.jpg
Gate: Jieitai Kanochi nite, Kaku Tatakaeri;maps/myanimelist_most_popular_200/76222.jpg
Koutetsujou no Kabaneri;maps/myanimelist_most_popular_200/79164.jpg
Hellsing;maps/myanimelist_most_popular_200/19956.jpg
Danshi Koukousei no Nichijou;maps/myanimelist_most_popular_200/33257.jpg
Bungou Stray Dogs;maps/myanimelist_most_popular_200/79409.jpg
NHK ni Youkoso!;maps/myanimelist_most_popular_200/52675.jpg
Baka to Test to Shoukanjuu;maps/myanimelist_most_popular_200/50389.jpg
Rosario to Vampire;maps/myanimelist_most_popular_200/75242.jpg
Ookami Kodomo no Ame to Yuki;maps/myanimelist_most_popular_200/35721.jpg
Trigun;maps/myanimelist_most_popular_200/20310.jpg
Lucky☆Star;maps/myanimelist_most_popular_200/15010.jpg
Nisemonogatari;maps/myanimelist_most_popular_200/35619.jpg
Plastic Memories;maps/myanimelist_most_popular_200/72750.jpg
Monster;maps/myanimelist_most_popular_200/18793.jpg
Great Teacher Onizuka;maps/myanimelist_most_popular_200/11460.jpg
Trinity Seven;maps/myanimelist_most_popular_200/67795.jpg
Kami nomi zo Shiru Sekai;maps/myanimelist_most_popular_200/43361.jpg
Hai to Gensou no Grimgar;maps/myanimelist_most_popular_200/77976.jpg
School Days;maps/myanimelist_most_popular_200/86373.jpg
Watashi ga Motenai no wa Dou Kangaetemo Omaera ga Warui!;maps/myanimelist_most_popular_200/51619.jpg
Free!;maps/myanimelist_most_popular_200/51107.jpg
Akatsuki no Yona;maps/myanimelist_most_popular_200/64225.jpg
Shakugan no Shana;maps/myanimelist_most_popular_200/21197.jpg
Blood Lad;maps/myanimelist_most_popular_200/47677.jpg
Ao Haru Ride;maps/myanimelist_most_popular_200/64813.jpg
Kakegurui;maps/myanimelist_most_popular_200/86578.jpg
IS: Infinite Stratos;maps/myanimelist_most_popular_200/74045.jpg
Yamada-kun to 7-nin no Majo;maps/myanimelist_most_popular_200/73700.jpg
High School DxD;maps/myanimelist_most_popular_200/32527.jpg
Ergo Proxy;maps/myanimelist_most_popular_200/6259.jpg
Barakamon;maps/myanimelist_most_popular_200/65427.jpg
Higashi no Eden;maps/myanimelist_most_popular_200/15033.jpg
Shimoneta to Iu Gainen ga Sonzai Shinai Taikutsu na Sekai;maps/myanimelist_most_popular_200/75106.jpg
Kiznaiver;maps/myanimelist_most_popular_200/78466.jpg
Bakuman.;maps/myanimelist_most_popular_200/26138.jpg
Kotonoha no Niwa;maps/myanimelist_most_popular_200/79676.jpg
Strike the Blood;maps/myanimelist_most_popular_200/56163.jpg
Nanatsu no Taizai: Imashime no Fukkatsu;maps/myanimelist_most_popular_200/90089.jpg
Hotarubi no Mori e;maps/myanimelist_most_popular_200/38229.jpg
Rokka no Yuusha;maps/myanimelist_most_popular_200/74374.jpg
Akira;maps/myanimelist_most_popular_200/82596.jpg
To LOVE-Ru;maps/myanimelist_most_popular_200/22544.jpg
Amagi Brilliant Park;maps/myanimelist_most_popular_200/85435.jpg
Seishun Buta Yarou wa Bunny Girl Senpai no Yume wo Minai;maps/myanimelist_most_popular_200/93586.jpg
Ginga Eiyuu Densetsu;maps/anidb/129196.jpg
Ashita no Joe 2;maps/anidb/170243.jpg
Shouwa Genroku Rakugo Shinjuu;maps/anidb/179568.jpg
Sangatsu no Lion;maps/anidb/189638.jpg
Kidou Senshi Gundam: The Origin;maps/anidb/155664.jpg
Made in Abyss: Fukaki Tamashii no Reimei;maps/anidb/235843.jpg
Aria the Origination;maps/anidb/221237.jpg
Usagi Drop;maps/anidb/222115.jpg
Cross Game;maps/anidb/68290.jpg
Ping Pong the Animation;maps/anidb/148607.jpg
Gekijouban Violet Evergarden;maps/anidb/245073.jpg
Kono Sekai no Katasumi ni;maps/anidb/221325.jpg
Eve no Jikan;maps/anidb/40062.jpg
Hajime no Ippo: The Fighting!;maps/anidb/144682.jpg	
Uchuu Senkan Yamato 2199;maps/anidb/81735.jpg
Tatami Galaxy;maps/anidb/222059.jpg
Ginga Eiyuu Densetsu: Die Neue These;maps/anidb/237552.jpg
Chihayafuru;maps/anidb/236318.jpg
Chibi Maruko-chan: Watashi no Suki na Uta;maps/anidb/6433.jpg
Hidamari no Ki;maps/anidb/1319.jpg
Lupin Sansei (2015);maps/anidb/175729.jpg
Kizumonogatari;maps/anidb/235832.jpg
Versailles no Bara;maps/anidb/3397.jpg
Golden Kamuy;maps/anidb/248532.jpg
Shirobako;maps/anidb/162539.jpg
Non Non Biyori: Vacation;maps/anidb/221453.jpg
Kaze no Tani no Nausicaa;maps/anidb/222288.jpg
Saiki Kusuo no Sainan;maps/anidb/187171.jpg
Yakusoku no Neverland;maps/anidb/227312.jpg
Kaguya-sama wa Kokurasetai;maps/anidb/227454.jpg
Kino no Tabi: The Beautiful World;maps/anidb/238807.jpg
Saenai Heroine no Sodatekata Fine;maps/anidb/227997.jpg
Tsumiki no Ie;maps/anidb/19510.jpg
Hotaru no Haka;maps/anidb/229427.jpg
Tentai Senshi Sunred;maps/anidb/23790.jpg
Fate/Stay Night: Heaven`s Feel;maps/anidb/223741.jpg
Honzuki no Gekokujou;maps/anidb/235507.jpg
Katanagatari;maps/anidb/28668.jpg
Kimi no Suizou o Tabetai;maps/anidb/221144.jpg
Planetes;maps/anidb/221809.jpg
Seirei no Moribito;maps/anidb/224594.jpg
Vinland Saga;maps/anidb/233031.jpg
Honey and Clover;maps/anidb/133493.jpg
Major;maps/anidb/221785.jpg
Out of Sight;maps/anidb/c1f5558e1cac07906f46f506d3a1720efeeff372.jpg
Meitantei Conan;maps/anidb/58683.jpg
Princess Tutu;maps/anidb/133250.jpg
Sakamichi no Apollon;maps/anidb/233354.jpg
Yuru Camp;maps/anidb/221874.jpg
Sora yori mo Tooi Basho;maps/anidb/221627.jpg
Hibike! Euphonium;maps/anidb/223960.jpg
Detroit Metal City;maps/anidb/23253.jpg
Maison Ikkoku;maps/anidb/157274.jpg
Hidamari Sketch x Honeycomb;maps/anidb/92896.jpg
Kemono no Souja Erin;maps/anidb/224595.jpg
Millennium Actress;maps/anidb/6462.jpg
Black Jack Final;maps/anidb/250515.jpg
One Outs;maps/anidb/52858.jpg	
Omae Umasou Da na;maps/anidb/67958.jpg
Dennou Coil;maps/anidb/222606.jpg
Girls und Panzer Gekijouban;maps/anidb/239897.jpg
Uchuu Kyoudai;maps/anidb/237387.jpg
Kaguya-hime no Monogatari;maps/anidb/165889.jpg
Omoide no Marnie;maps/anidb/166516.jpg
Sword of the Stranger;maps/anidb/224578.jpg
Nana;maps/anidb/83987.jpg
Glass no Kamen (2005);maps/anidb/4408.jpg
Kaiba;maps/anidb/222113.jpg
Mononoke;maps/anidb/67285.jpg
Redline;maps/anidb/228312.jpg
Mimi o Sumaseba;maps/anidb/242903.jpg
Kara no Kyoukai;maps/anidb/222057.jpg
Boku dake ga Inai Machi;maps/anidb/221244.jpg
Fruits Basket (2019);maps/anidb/231343.jpg
Fate/Stay Night: Unlimited Blade Works (TV);maps/anidb/223750.jpg
Seikai no Senki II;maps/anidb/221217.jpg
Kimetsu no Yaiba;maps/anidb/231406.jpg
Hametsu no Mars;maps/anidb/63644.jpg
Fullmetal Panic? Fumoffu;maps/anidb/129526.jpg
Fullmetal Panic!;maps/anidb/221428.jpg
School Rumble;maps/anidb/228772.jpg
Beck: Mongolian Chop Squad;maps/anidb/23812.jpg
Berserk;maps/anidb/222152.jpg
Evangelion: 2.0;maps/anidb/13522.jpg
Kanon (2006);maps/anidb/221331.jpg
Hikaru no Go;maps/anidb/221545.jpg
Ouran Koukou Host Club;maps/anidb/73193.jpg
Skip Beat!;maps/anidb/40459.jpg
Shijou Saikyou no Deshi Kenichi;maps/anidb/49NKak5rnUjfT2wj8X18KoYLtKg.jpg
Eureka Seven;maps/anidb/145056.jpg
Initial D;maps/anidb/181443.jpg
Azumanga Daiou;maps/anidb/221656.jpg
Saiunkoku Monogatari;maps/anidb/6752.jpg
Last Exile;maps/anidb/224016.jpg
Slam Dunk;maps/anidb/23819.jpg
Gankutsuou;maps/anidb/221586.jpg
Haibane Renmei;maps/anidb/238806.jpg
xxxHOLiC;maps/anidb/40522.jpg
Kidou Senshi Gundam 00;maps/anidb/83835.jpg
Macross Frontier;maps/anidb/8999.jpg
Seikai no Monshou;maps/anidb/224618.jpg
Kidou Senshi Gundam SEED;maps/anidb/83888.jpg
Tenkuu no Shiro Laputa;maps/anidb/133583.jpg
Lovely Complex;maps/anidb/222361.jpg
Ef - a Tale of Memories;maps/anidb/221580.jpg
Ef - a Tale of Melodies;maps/anidb/13521.jpg
Kaleido Star;maps/anidb/163898.jpg
Seikai no Senki;maps/anidb/18365.jpg
Kumo no Mukou, Yakusoku no Basho;maps/anidb/221713.jpg
The End of Evangelion;maps/anidb/133474.jpg
Yakitate!! Japan;maps/anidb/221449.jpg	
Genshiken;maps/anidb/83820.jpg
Summer Wars;maps/anidb/221901.jpg
Full Moon o Sagashite;maps/anidb/221200.jpg
Ookiku Furikabutte;maps/anidb/11689.jpg
Tokyo Godfathers;maps/anidb/18344.jpg
Utawarerumono;maps/anidb/224603.jpg
Kimi ga Nozomu Eien;maps/anidb/78506.jpg
Bounen no Xamdou;maps/anidb/222119.jpg
Slayers;maps/anidb/133256.jpg
Minami-ke;maps/anidb/83857.jpg
Terra e..;maps/anidb/157854.jpg
Gungrave;maps/anidb/12995.jpg
Yu Yu Hakusho;maps/anidb/255196.jpg
Mai-HiME;maps/anidb/5470.jpg
Mahou Shoujo Lyrical Nanoha A`s;maps/anidb/83980.jpg
Eikoku Koi Monogatari Emma;maps/anidb/13794.jpg
Ghost Hunt;maps/anidb/232889.jpg
Golden Boy;maps/anidb/4764.jpg
Seto no Hanayome;maps/anidb/12558.jpg
Kareshi Kanojo no Jijou;maps/anidb/133471.jpg
Paprika;maps/anidb/228328.jpg
Karigurashi no Arrietty;maps/anidb/59881.jpg
Rainbow;maps/anidb/236874.jpg
Youjo Senki;maps/anidb/225295.jpg
Gin no Saji;maps/anidb/227395.jpg
Gyakkyou Burai Kaiji;maps/anidb/221769.jpg
Bakemono no Ko;maps/anidb/224257.jpg
The Dog of Flanders;maps/anidb/36782.jpg
Shoujo Shuumatsu Ryokou;maps/anidb/225885.jpg
Maquia: Sayonara no Asa ni Yakusoku no Hana o Kazarou;maps/anidb/210648.jpg
Uchouten Kazoku	;maps/anidb/230632.jpg
Kaze ga Tsuyoku Fuite Iru;maps/anidb/223142.jpg
Osomatsu-san;maps/anidb/206815.jpg
Les Miserables: Shoujo Cosette;maps/anidb/11502.jpg	
Kono Oto Tomare!;maps/anidb/238240.jpg
Relife;maps/anidb/221618.jpg
Tenki no Ko;maps/anidb/238108.jpg
Houseki no Kuni;maps/anidb/221763.jpg
Kaze Tachinu;maps/anidb/137864.jpg
Scrapped Princess;maps/anidb/224601.jpg
Hayate no Gotoku!;maps/anidb/249765.jpg
Eyeshield 21;maps/anidb/17182.jpg
Aa! Megami-sama!;maps/anidb/127259.jpg
Rec;maps/anidb/221991.jpg
Serial Experiments Lain;maps/anidb/221666.jpg
Texhnolyze;maps/anidb/222274.jpg
Porco Rosso;maps/anidb/145634.jpg
Moyashimon;maps/anidb/12632.jpg
Maria-sama ga Miteru;maps/anidb/7341.jpg
Hanasaku Iroha;maps/anidb/130662.jpg
The Prince of Tennis;maps/anidb/221667.jpg
Noein: Mou Hitori no Kimi e;maps/anidb/238130.jpg
Phantom: Requiem for the Phantom;maps/anidb/84818.jpg
Paradise kiss;maps/anidb/5824.jpg
Romeo no Aoi Sora;maps/anidb/153594.jpg
Perfect Blue;maps/anidb/221406.jpg
Choujikuu Yousai Macross;maps/anidb/224004.jpg
Vampire Hunter D;maps/anidb/224207.jpg
Aishiteru ze Baby;maps/anidb/158565.jpg
Boogiepop wa Warawanai: Boogiepop Phantom;maps/anidb/231574.jpg
Tokyo Magnitude 8.0;maps/anidb/229424.jpg
Hinamatsuri (2018);maps/anidb/215332.jpg
"Steins;Gate 0";maps/anidb/224150.jpg
Dorohedoro;maps/anidb/239533.jpg
Kiki`s Delivery Service;maps/anidb/224497.jpg
Ballroom e Youkoso;maps/anidb/200745.jpg
Kuuchuu Buranko;maps/anidb/30791.jpg
Black Jack;maps/anidb/230886.jpg	
Kuragehime;maps/anidb/221955.jpg
Mahou Tsukai no Yome;maps/anidb/221983.jpg
Sayonara Zetsubou-sensei;maps/anidb/221998.jpg
Ichigo Marshmallow;maps/anidb/221849.jpg
Aikatsu!;maps/anidb/126788.jpg
House of Five Leaves;maps/anidb/62630.jpg
Giovanni no Shima;maps/anidb/159629.jpg
Karakai Jouzu no Takagi-san;maps/anidb/210392.jpg
Soukou Kihei Votoms;maps/anidb/224232.jpg
Sakasama no Patema;maps/anidb/228310.jpg
Kidou Senshi Gundam: Dai 08 MS Shoutai;maps/anidb/75618.jpg
Wolf`s Rain;maps/anidb/53834.jpg
Amagami SS;maps/anidb/227599.jpg
Sidonia no Kishi;maps/anidb/145720.jpg
Tate no Yuusha no Nariagari;maps/anidb/234524.jpg
Dagashi Kashi;maps/anidb/225156.jpg
Bokusatsu Tenshi Dokuro-chan;maps/anidb/131389.jpg
Dumbbell Nan Kilo Moteru?;maps/anidb/233703.jpg
Hitsugi no Chaika;maps/anidb/149756.jpg
Jormungand;maps/anidb/85646.jpg
Basilisk;maps/anidb/10146.gif
Kouya no Kotobuki Hikoutai;maps/anidb/225971.jpg
New Game!;maps/anidb/184558.jpg
Shigofumi;maps/anidb/229715.jpg
RahXephon;maps/anidb/221561.jpg
Senjou no Valkyria: Valkyria Chronicles;maps/anidb/221840.jpg
Yagate Kimi ni Naru;maps/anidb/223349.jpg
Yuru Yuri;maps/anidb/239975.jpg
Excel Saga;maps/anidb/221233.jpg
Gravitation;maps/anidb/223969.jpg
Vandread;maps/anidb/147806.jpg
Dr. Stone;maps/anidb/231369.jpg
Nagi no Asukara;maps/anidb/142836.jpg
Galaxy Angel;maps/anidb/221661.jpg
Attack No.1;maps/anidb/187115.jpg
Futari wa Precure;maps/anidb/28894.jpg
Hokuto no Ken;maps/anidb/147204.jpg
Rozen Maiden;maps/anidb/236869.jpg
Pale Cocoon;maps/anidb/160916.jpg
Le Chevalier D`Eon;maps/anidb/10710.jpg
Cardcaptor Sakura;maps/anidb/221338.jpg
Kidou Senshi Z Gundam;maps/anidb/194006.jpg
Tenkuu no Escaflowne;maps/anidb/224495.jpg
Cossette no Shouzou;maps/anidb/158309.jpg
Hatsu Inu;maps/anidb/203839.jpg
Bartender;maps/anidb/11228.jpg
Black Rock Shooter;maps/anidb/51926.jpg
God Eater;maps/anidb/221754.jpg
.hack//Sign;maps/anidb/221346.jpg
Chobits	;maps/anidb/224620.jpg
Bokurano;maps/anidb/254589.jpg
Koi Kaze;maps/anidb/153444.jpg
Final Fantasy VII: Advent Children;maps/anidb/24989.jpg
Tsukihime;maps/anidb/221624.jpg
Shinryaku! Ika Musume;maps/anidb/238078.jpg
Love Hina;maps/anidb/221733.jpg
Blood+;maps/anidb/74983.jpg
Chrono Crusade;maps/anidb/158166.jpg
Air;maps/anidb/221211.jpg
Ghost in the Shell 2: Innocence;maps/anidb/157742.jpg
Juuni Kokuki;maps/anidb/221606.jpg
Gantz;maps/anidb/179428.jpg
Gunslinger Girl;maps/anidb/184192.jpg
Tenjou Tenge;maps/anidb/181323.jpg
Shuffle!;maps/anidb/151518.jpg
Tsubasa Chronicle;maps/anidb/150171.jpg
Hoshi no Koe;maps/anidb/221653.jpg
Kaze no Stigma;maps/anidb/146833.jpg
Hoshi o Ou Kodomo;maps/anidb/232317.jpg
Hotori: Tada Saiwai o Koinegau;maps/anidb/220842.jpg
Kodomo no Omocha;maps/anidb/204340.jpg
Princess Nine: Kisaragi Joshikou Yakyuubu;maps/anidb/168282.jpg
Soukyuu no Fafner;maps/anidb/10198.jpg
Sukitte Ii na yo;maps/anidb/91846.jpg
Turn A Gundam;maps/anidb/9992.jpg
Hanbun no Tsuki ga Noboru Sora;maps/anidb/5480.jpg
Mai-Otome;maps/anidb/222970.jpg
Midori no Hibi;maps/anidb/154151.jpg
Trinity Blood;maps/anidb/148342.jpg
Noir;maps/anidb/221590.jpg
Hataraku Maou-sama!;maps/anidb/231359.jpg
Air Gear;maps/anidb/230496.jpg
"Chaos;HEAd";maps/anidb/33399.jpg
DearS;maps/anidb/1935.jpg
Devil May Cry;maps/anidb/7804.jpg
Witch Hunter Robin;maps/anidb/223968.jpg
Sekirei;maps/anidb/13353.jpg
Kore wa Zombie Desuka?;maps/anidb/59995.jpg
Onegai Twins;maps/anidb/4878.jpg
Paranoia Agent;maps/anidb/224203.jpg
Canaan;maps/anidb/32066.jpg
Gosick;maps/anidb/221063.jpg
Jigoku Shoujo;maps/anidb/153446.jpg
Ichiban Ushiro no Daimaou;maps/anidb/45614.jpg
Ikkitousen;maps/anidb/4999.jpg
Ga-Rei-Zero;maps/anidb/65627.jpg
Green Green (2003);maps/anidb/534.jpg
Ai Yori Aoshi;maps/anidb/224235.jpg
Seitokai Yakuindomo;maps/anidb/52832.jpg
Kannagi;maps/anidb/227759.jpg
Shiki;maps/anidb/240270.jpg
Black Cat;maps/anidb/58929.jpg
Appleseed (2004);maps/anidb/224520.jpg
Samurai 7;maps/anidb/246767.jpg
Kanokon;maps/anidb/8464.jpg
Blood: The Last Vampire;maps/anidb/221922.jpg
Saikano;maps/anidb/224654.jpg
Working!!;maps/anidb/32911.jpg
Karin;maps/anidb/187289.jpg
Girls Bravo;maps/anidb/157474.jpg
Mnemosyne;maps/anidb/83986.jpg
Sora no Otoshimono;maps/anidb/40672.jpg
B Gata H Kei;maps/anidb/43375.jpg
R.O.D: Read or Die;maps/anidb/221655.jpg
Vampire Knight;maps/anidb/52983.jpg
Arakawa Under the Bridge;maps/anidb/221974.jpg
Nyan Koi!;maps/anidb/231318.jpg
Speed Grapher;maps/anidb/70363.jpg
True Tears;maps/anidb/221870.jpg
Jin-Rou;maps/anidb/133497.jpg
Ichigo 100%;maps/anidb/4559.jpg
Kiss X Sis (2010);maps/anidb/94179.jpg
Busou Renkin;maps/anidb/59776.jpg
He Is My Master;maps/anidb/180212.jpg
Kurenai;maps/anidb/83853.jpg
Bakuretsu Tenshi;maps/anidb/8233.jpg
Mahoromatic: Automatic Maiden;maps/anidb/221931.jpg
Kampfer;maps/anidb/52826.jpg
Mahou Sensei Negima!;maps/anidb/227552.jpg
D.N. Angel;maps/anidb/11013.jpg
Kokoro Connect;maps/anidb/228835.jpg
Denpa Onna to Seishun Otoko;maps/anidb/221977.jpg
Dance in the Vampire Bund;maps/anidb/50312.jpg
Ima, Soko ni Iru Boku;maps/anidb/224605.jpg
Suisei no Gargantia;maps/anidb/231918.jpg
Bamboo Blade;maps/anidb/51308.jpg
Karas;maps/anidb/83975.jpg
Heroic Age;maps/anidb/83822.jpg
Grenadier: Hohoemi no Senshi;maps/anidb/3219.jpg
Seihou Bukyou Outlaw Star;maps/anidb/224054.jpg
Sankarea;maps/anidb/243883.jpg
Amaenaide yo!! / Ah My Buddha!!;maps/anidb/4851.jpg
Afro Samurai;maps/anidb/176932.jpg
Tonari no Kaibutsu-kun;maps/anidb/94550.jpg
Asu no Yoichi!;maps/anidb/13712.jpg
Mayo Chiki!;maps/anidb/228416.jpg
Yosuga no Sora;maps/anidb/55953.jpg
Maria Holic;maps/anidb/221984.jpg
Freezing;maps/anidb/58013.jpg
C;maps/anidb/221336.jpg
Nisekoi;maps/anidb/148503.jpg
Ninja Scroll;maps/anidb/42966.jpg
Tasogare Otome x Amnesia;maps/anidb/79569.jpg
Aldnoah.Zero;maps/anidb/156428.jpg
Black Bullet;maps/anidb/147799.jpg
Koukaku no Regios;maps/anidb/224204.jpg
Shaman King;maps/anidb/222264.jpg
Abenobashi Mahou Shoutengai;maps/anidb/224213.jpg
K;maps/anidb/94914.jpg
Maoyuu Maou Yuusha;maps/anidb/127209.jpg
Ghost Hound;maps/anidb/16449.jpg
Date A Live;maps/anidb/129405.jpg
Ladies versus Butlers!;maps/anidb/41085.jpg
Zankyou no Terror;maps/anidb/224610.jpg
Neko no Ongaeshi;maps/anidb/31447.jpg
Seitokai no Ichizon;maps/anidb/53007.jpg
Scryed;maps/anidb/221972.jpg
Maburaho;maps/anidb/4768.jpg
X;maps/anidb/221591.jpg
Nogizaka Haruka no Himitsu;maps/anidb/1994.png
Michiko to Hacchin;maps/anidb/13614.jpg
Suzuka;maps/anidb/84012.jpg
Sola;maps/anidb/11877.jpg
Hyakka Ryouran: Samurai Girls;maps/anidb/221535.jpg
Akane-iro ni Somaru Saka;maps/anidb/59880.jpg
Gun X Sword;maps/anidb/201330.jpg
Macross Zero;maps/anidb/83856.jpg
They Are My Noble Masters;maps/anidb/6917.jpg	
Last Order: Final Fantasy VII;maps/anidb/10514.jpg
Strike Witches;maps/anidb/9879.jpg
Break Blade;maps/anidb/45076.jpg
Ano Natsu de Matteru;maps/anidb/77905.jpg
Panty & Stocking with Garterbelt;maps/anidb/78514.jpg
Zetsuen no Tempest;maps/anidb/126431.jpg
Inukami!;maps/anidb/238005.jpg
Mawaru Penguindrum;maps/anidb/66485.jpg
Casshern Sins;maps/anidb/64935.jpg
Druaga no Tou: the Aegis of Uruk;maps/anidb/13294.jpg
Hidan no Aria;maps/anidb/69241.jpg
Beelzebub;maps/anidb/60002.jpg
Kiddy Grade;maps/anidb/157674.jpg
Hagure Yuusha no Aesthetica;maps/anidb/84506.jpg
Ranma 1/2;maps/anidb/153485.jpg
Koukaku Kidoutai Stand Alone Complex;maps/anidb/130667.jpg
Rurouni Kenshin: Meiji Kenkaku Romantan;maps/anidb/224003.jpg
Onegai Teacher;maps/anidb/221559.jpg
Nodame Cantabile;maps/anidb/84035.jpg
Toaru Kagaku no Railgun;maps/anidb/233282.jpg
Natsume Yuujinchou;maps/anidb/228319.jpg