Death Note;maps/myanimelist_most_popular_200/9453.jpg
Elfen Lied;maps/anidb/157430.jpg
Fullmetal Alchemist;maps/myanimelist_most_popular_200/75815.jpg
Code Geass: Hangyaku no Lelouch;maps/myanimelist_most_popular_200/50331.jpg
Bleach;maps/myanimelist_most_popular_200/40451.jpg
Cowboy Bebop;maps/myanimelist_most_popular_200/19644.jpg
Naruto;maps/myanimelist_most_popular_200/17405.jpg
Neon Genesis Evangelion;maps/myanimelist_most_popular_200/21418.jpg
Suzumiya Haruhi no Yuuutsu;maps/myanimelist_most_popular_200/75901.jpg
Fullmetal Panic!;maps/anidb/221428.jpg
Code Geass: Hangyaku no Lelouch R2;maps/myanimelist_most_popular_200/9391.jpg
Fate/stay night;maps/myanimelist_most_popular_200/30327.jpg
Fullmetal Alchemist: Brotherhood;maps/myanimelist_most_popular_200/96541.jpg
Black Lagoon;maps/myanimelist_most_popular_200/25596.jpg
Tengen Toppa Gurren Lagann;maps/myanimelist_most_popular_200/5123.jpg
Samurai Champloo;maps/myanimelist_most_popular_200/29134.jpg
Darker than Black: Kuro no Keiyakusha;maps/myanimelist_most_popular_200/19570.jpg
Fullmetal Panic? Fumoffu;maps/anidb/129526.jpg
FLCL;maps/myanimelist_most_popular_200/77356.jpg
Sen to Chihiro no Kamikakushi;maps/myanimelist_most_popular_200/79597.jpg
Claymore;maps/myanimelist_most_popular_200/21834.jpg
Hellsing;maps/myanimelist_most_popular_200/19956.jpg
Bakemonogatari;maps/myanimelist_most_popular_200/75274.jpg
Naruto: Shippuuden;maps/myanimelist_most_popular_200/17407.jpg
Sen to Chihiro no Kamikakushi;maps/myanimelist_most_popular_200/79597.jpg
Ergo Proxy;maps/myanimelist_most_popular_200/6259.jpg
Toradora!;maps/myanimelist_most_popular_200/22128.jpg
Chobits;maps/anidb/224620.jpg
Trigun;maps/myanimelist_most_popular_200/20310.jpg
Black Lagoon: The Second Barrage;maps/anidb/131092.jpg
Great Teacher Onizuka;maps/myanimelist_most_popular_200/11460.jpg
Koukaku Kidoutai Stand Alone Complex;maps/anidb/130667.jpg
Mononoke Hime;maps/myanimelist_most_popular_200/75919.jpg
"Steins;Gate";maps/myanimelist_most_popular_200/73199.jpg
Angel Beats!;maps/myanimelist_most_popular_200/22061.jpg
Shakugan no Shana;maps/myanimelist_most_popular_200/21197.jpg
Fullmetal Panic! The Second Raid;maps/anidb/129527.jpg
One Piece;maps/myanimelist_most_popular_200/73245.jpg
Koukaku Kidoutai;maps/myanimelist_most_popular_200/82594.jpg
Suzumiya Haruhi no Yuuutsu (2009);maps/anidb/196098.jpg
Toki wo Kakeru Shoujo;maps/myanimelist_most_popular_200/2432.jpg
Sword Art Online;maps/myanimelist_most_popular_200/39717.jpg
Ookami to Koushinryou;maps/myanimelist_most_popular_200/59401.jpg
Shingeki no Kyojin;maps/myanimelist_most_popular_200/47347.jpg
Mushishi;maps/myanimelist_most_popular_200/73862.jpg
NHK ni Youkoso!;maps/myanimelist_most_popular_200/52675.jpg
Zero no Tsukaima;maps/myanimelist_most_popular_200/20680.jpg
Higurashi no Naku Koro ni;maps/myanimelist_most_popular_200/19634.jpg
Azumanga Daiou;maps/anidb/221656.jpg
Soul Eater;maps/myanimelist_most_popular_200/7804.jpg
Serial Experiments Lain;maps/anidb/221666.jpg
Byousoku 5 Centimeter;maps/myanimelist_most_popular_200/79674.jpg
Neon Genesis Evangelion: The End of Evangelion;maps/anidb/133474.jpg
Baccano!;maps/myanimelist_most_popular_200/14547.jpg
Love Hina;maps/anidb/221733.jpg
Eureka Seven;maps/anidb/145056.jpg
Howl no Ugoku Shiro;maps/myanimelist_most_popular_200/75810.jpg
Berserk;maps/anidb/222152.jpg
Toaru Majutsu no Index;maps/myanimelist_most_popular_200/75533.jpg
Hellsing Ultimate;maps/myanimelist_most_popular_200/7333.jpg
Clannad: After Story;maps/myanimelist_most_popular_200/24647.jpg
Lucky☆Star;maps/myanimelist_most_popular_200/15010.jpg
School Rumble;maps/anidb/228772.jpg
Highschool of the Dead;maps/myanimelist_most_popular_200/78311.jpg
Durarara!!;maps/myanimelist_most_popular_200/71772.jpg
Akira;maps/myanimelist_most_popular_200/82596.jpg
Fullmetal Alchemist: Conqueror of Shambala;maps/anidb/221539.jpg
K-On!;maps/myanimelist_most_popular_200/76120.jpg
Koukaku Kidoutai S.A.C. 2nd GIG;maps/anidb/221622.jpg
Rurouni Kenshin: Meiji Kenkaku Romantan;maps/anidb/224388.jpg
Blood+;maps/anidb/74983.jpg
Cowboy Bebop: Tengoku no Tobira;maps/anidb/228413.jpg
Ouran Koukou Host Club;maps/anidb/73193.jpg
Last Exile;maps/anidb/224016.jpg
Chrono Crusade;maps/anidb/158166.jpg
Rurouni Kenshin - Tsuioku Hen;maps/anidb/224388.jpg
Air;maps/anidb/221211.jpg
Mahou Shoujo Madoka★Magica;maps/myanimelist_most_popular_200/55225.jpg
Kara no Kyoukai;maps/anidb/222057.jpg
Monster;maps/myanimelist_most_popular_200/18793.jpg
Final Fantasy VII: Advent Children;maps/anidb/24989.jpg
Fate/Zero;maps/myanimelist_most_popular_200/73249.jpg
Higashi no Eden;maps/myanimelist_most_popular_200/15033.jpg
Zero no Tsukaima: Futatsuki no Kishi;maps/anidb/221877.jpg
Haibane Renmei;maps/anidb/238806.jpg
Ghost in the Shell 2: Innocence;maps/anidb/157742.jpg
Ano Hi Mita Hana no Namae wo Bokutachi wa Mada Shiranai.;maps/myanimelist_most_popular_200/79697.jpg
Genshiken;maps/anidb/83820.jpg
Fairy Tail;maps/myanimelist_most_popular_200/18179.jpg
Juuni Kokuki;maps/anidb/221606.jpg
Tsukihime;maps/anidb/221624.jpg
Tonari no Totoro;maps/myanimelist_most_popular_200/75923.jpg
Gantz;maps/anidb/179428.jpg
Seirei no Moribito;maps/anidb/224594.jpg
Dragon Ball Z;maps/myanimelist_most_popular_200/20936.jpg
Kaze no Tani no Nausicaa;maps/anidb/222288.jpg
Planetes;maps/anidb/221809.jpg
Mai-HiME;maps/anidb/5470.jpg
Onegai Teacher;maps/anidb/221559.jpg
Ore no Imouto ga Konnani Kawaii Wake ga Nai;maps/myanimelist_most_popular_200/24875.jpg
Rosario to Vampire;maps/myanimelist_most_popular_200/75242.jpg
Psycho-Pass;maps/myanimelist_most_popular_200/43399.jpg
Wolf`s Rain;maps/anidb/53834.jpg
Shakugan no Shana Second;maps/anidb/7810.jpg
.hack//Sign;maps/anidb/221346.jpg
No Game No Life;maps/myanimelist_most_popular_200/65187.jpg
D.Gray-man;maps/myanimelist_most_popular_200/75194.jpg
Nodame Cantabile;maps/anidb/84035.jpg
Mirai Nikki;maps/myanimelist_most_popular_200/33465.jpg
Another;maps/myanimelist_most_popular_200/75509.jpg
Kanon (2006);maps/anidb/221331.jpg
Gungrave;maps/anidb/12995.jpg
Gunslinger Girl;maps/anidb/184192.jpg
Tenjou Tenge;maps/anidb/181323.jpg
Darker Than Black: Ryuusei no Gemini;maps/anidb/221576.jpg
Ao no Exorcist;maps/myanimelist_most_popular_200/75195.jpg
Kimi ga Nozomu Eien;maps/anidb/78506.jpg
Toaru Kagaku no Railgun;maps/anidb/233282.jpg
Ookami to Koushinryou II;maps/anidb/233306.jpg
Fate/Zero;maps/myanimelist_most_popular_200/73249.jpg
Sayonara Zetsubou-sensei;maps/anidb/221998.jpg
Gintama;maps/myanimelist_most_popular_200/73274.jpg
Kumo no Mukou, Yakusoku no Basho;maps/anidb/221713.jpg
One Punch Man;maps/myanimelist_most_popular_200/76049.jpg
Katanagatari;maps/anidb/28668.jpg
Scrapped Princess;maps/anidb/224601.jpg
Golden Boy;maps/anidb/4764.jpg
Higurashi no Naku Koro ni Kai;maps/anidb/94325.jpg
Kill la Kill;maps/myanimelist_most_popular_200/75514.jpg
Evangelion: 2.0;maps/anidb/13522.jpg
Dragon Ball;maps/myanimelist_most_popular_200/92364.jpg
Aa! Megami-sama!;maps/anidb/127259.jpg
Seto no Hanayome;maps/anidb/12558.jpg
Utawarerumono;maps/anidb/224603.jpg
InuYasha;maps/myanimelist_most_popular_200/95329.jpg
Hotaru no Haka;maps/anidb/229427.jpg
Honey and Clover;maps/anidb/133493.jpg
School Days;maps/myanimelist_most_popular_200/86373.jpg
Zero no Tsukaima: Princesses no Rondo;maps/anidb/9846.jpg
Nisemonogatari;maps/myanimelist_most_popular_200/35619.jpg
Guilty Crown;maps/myanimelist_most_popular_200/33713.jpg
Paprika;maps/anidb/228328.jpg
Suzumiya Haruhi no Shoushitsu;maps/myanimelist_most_popular_200/73842.jpg
Fruits Basket;maps/anidb/221603.jpg
Neon Genesis Evangelion: Death & Rebirth;maps/anidb/11168.jpg
Tenkuu no Shiro Laputa;maps/anidb/133583.jpg
Summer Wars;maps/anidb/221901.jpg
Shuffle!;maps/anidb/151518.jpg
Deadman Wonderland;maps/myanimelist_most_popular_200/75299.jpg
Hayate no Gotoku!;maps/anidb/249765.jpg
Tsubasa Chronicle;maps/anidb/150171.jpg
Ef - a Tale of Memories;maps/anidb/221580.jpg
Hoshi no Koe;maps/anidb/221653.jpg
Bokusatsu Tenshi Dokuro-chan;maps/anidb/131389.jpg
Beck: Mongolian Chop Squad;maps/anidb/23812.jpg
School Rumble Ni Gakki;maps/anidb/84007.jpg
Boku wa Tomodachi ga Sukunai;maps/myanimelist_most_popular_200/32873.jpg
Kaze no Stigma;maps/anidb/146833.jpg
Chuunibyou demo Koi ga Shitai!;maps/myanimelist_most_popular_200/46931.jpg
To LOVE-Ru;maps/myanimelist_most_popular_200/22544.jpg
Kami nomi zo Shiru Sekai;maps/myanimelist_most_popular_200/43361.jpg
Usagi Drop;maps/anidb/222115.jpg
Dennou Coil;maps/anidb/222606.jpg
Midori no Hibi;maps/anidb/154151.jpg
Tenkuu no Escaflowne;maps/anidb/224495.jpg
Trinity Blood;maps/anidb/148342.jpg
Noir;maps/anidb/221590.jpg
Hataraku Maou-sama!;maps/myanimelist_most_popular_200/50177.jpg
Hyouka;maps/myanimelist_most_popular_200/50521.jpg
Kimi ni Todoke;maps/myanimelist_most_popular_200/17890.jpg
Love Hina Again;maps/anidb/221956.jpg
High School DxD;maps/myanimelist_most_popular_200/32527.jpg
Air Gear;maps/anidb/230496.jpg
Sword Art Online II;maps/myanimelist_most_popular_200/65185.jpg
Log Horizon;maps/myanimelist_most_popular_200/84004.jpg
xxxHOLiC;maps/anidb/40522.jpg
K-On!!;maps/myanimelist_most_popular_200/76121.jpg
"Chaos;HEAd";maps/anidb/33399.jpg
DearS;maps/anidb/1935.jpg
Baka to Test to Shoukanjuu;maps/myanimelist_most_popular_200/50389.jpg
Kidou Senshi Gundam SEED;maps/anidb/83888.jpg
Lovely Complex;maps/anidb/222361.jpg
RahXephon;maps/anidb/221561.jpg
Devil May Cry;maps/anidb/7804.jpg
Kaichou wa Maid-sama!;maps/myanimelist_most_popular_200/25254.jpg
Basilisk;maps/anidb/10146.gif
Rozen Maiden;maps/anidb/236869.jpg
Toaru Majutsu no Index II;maps/anidb/233290.jpg
Rec;maps/anidb/221991.jpg
Accel World;maps/myanimelist_most_popular_200/38155.jpg
Natsume Yuujinchou;maps/anidb/228319.jpg
Sword of the Stranger;maps/anidb/224578.jpg
Witch Hunter Robin;maps/anidb/223968.jpg
Sekirei;maps/anidb/13353.jpg
Kore wa Zombie Desu ka?;maps/myanimelist_most_popular_200/75521.jpg
Onegai Twins;maps/anidb/4878.jpg
Minami-ke;maps/anidb/83857.jpg
Kidou Senshi Gundam 00;maps/anidb/83835.jpg
Paranoia Agent;maps/anidb/224203.jpg
Canaan;maps/anidb/32066.jpg